customerID,gender,SeniorCitizen,Partner,Dependents,tenure,PhoneService,MultipleLines,InternetService,OnlineSecurity,OnlineBackup,DeviceProtection,TechSupport,StreamingTV,StreamingMovies,Contract,PaperlessBilling,PaymentMethod,MonthlyCharges,TotalCharges,Churn,churn_prediction
9237-HQITU,Female,0,No,No,2,Yes,No,Fiber optic,No,No,No,No,No,No,Month-to-month,Yes,Electronic check,70.7,151.65,Yes,1
8779-QRDMV,Male,1,No,No,1,No,No phone service,DSL,No,No,Yes,No,No,Yes,Month-to-month,Yes,Electronic check,39.65,39.65,Yes,1
7760-OYPDY,Female,0,No,No,2,Yes,No,Fiber optic,No,No,No,No,Yes,No,Month-to-month,Yes,Electronic check,80.65,144.15,Yes,1
5919-TMRGD,Female,0,No,Yes,1,Yes,No,Fiber optic,No,No,No,No,Yes,No,Month-to-month,Yes,Electronic check,79.35,79.35,Yes,1
0404-SWRVG,Male,0,No,No,3,Yes,Yes,Fiber optic,No,No,No,No,No,No,Month-to-month,Yes,Electronic check,74.4,229.55,Yes,1
4482-EWFMI,Female,0,No,No,2,Yes,No,Fiber optic,No,No,No,No,No,No,Month-to-month,Yes,Electronic check,69.7,135.2,No,1
1285-OKIPP,Male,0,No,No,1,Yes,No,Fiber optic,No,No,No,No,No,Yes,Month-to-month,No,Electronic check,79.9,79.9,Yes,1
7273-TEFQD,Male,1,No,No,3,No,No phone service,DSL,No,No,Yes,No,No,Yes,Month-to-month,Yes,Electronic check,41.15,132.2,Yes,1
8098-LLAZX,Female,1,No,No,4,Yes,Yes,Fiber optic,No,No,No,No,Yes,Yes,Month-to-month,Yes,Electronic check,95.45,396.1,Yes,1
7563-BIUPC,Male,0,No,No,5,Yes,No,Fiber optic,No,No,No,No,Yes,No,Month-to-month,Yes,Electronic check,80.6,415.55,Yes,1
5804-LEPIM,Female,1,No,No,2,Yes,No,Fiber optic,No,No,No,No,No,No,Month-to-month,Yes,Electronic check,70.35,139.05,Yes,1
0021-IKXGC,Female,1,No,No,1,Yes,Yes,Fiber optic,No,No,No,No,No,No,Month-to-month,Yes,Electronic check,72.1,72.1,No,1
2034-GDRCN,Female,0,No,No,2,Yes,No,Fiber optic,No,No,No,No,Yes,Yes,Month-to-month,Yes,Electronic check,90.4,168.2,Yes,1
0259-GBZSH,Male,0,No,No,2,Yes,Yes,Fiber optic,No,No,No,No,Yes,No,Month-to-month,Yes,Electronic check,85.65,181.5,Yes,1
1452-VOQCH,Male,0,No,No,1,Yes,Yes,Fiber optic,No,No,No,No,No,No,Month-to-month,Yes,Electronic check,75.1,75.1,No,1
8372-JUXUI,Male,0,No,Yes,1,Yes,Yes,Fiber optic,No,No,No,No,No,No,Month-to-month,Yes,Electronic check,74.35,74.35,Yes,1
4234-XTNEA,Male,0,No,No,2,Yes,No,Fiber optic,No,No,No,No,Yes,No,Month-to-month,Yes,Electronic check,79.95,174.45,No,1
9282-IZGQK,Female,0,No,No,1,Yes,Yes,Fiber optic,No,No,No,No,No,Yes,Month-to-month,Yes,Electronic check,85.0,85,Yes,1
5192-EBGOV,Female,1,No,No,1,Yes,Yes,Fiber optic,No,No,No,No,Yes,No,Month-to-month,Yes,Electronic check,85.7,85.7,Yes,1
0970-ETWGE,Male,0,No,No,1,Yes,No,Fiber optic,No,No,No,No,Yes,Yes,Month-to-month,Yes,Electronic check,89.55,89.55,Yes,1
0822-GAVAP,Female,0,No,No,2,No,No phone service,DSL,No,No,No,No,No,Yes,Month-to-month,Yes,Electronic check,34.7,62.25,Yes,1
1448-PWKYE,Male,0,Yes,Yes,1,Yes,No,Fiber optic,No,No,No,No,No,Yes,Month-to-month,No,Electronic check,80.0,80,Yes,1
7314-OXENN,Male,0,No,No,2,Yes,Yes,Fiber optic,No,Yes,No,No,No,No,Month-to-month,Yes,Electronic check,82.0,184.65,Yes,1
1820-TQVEV,Male,0,No,No,1,Yes,No,Fiber optic,No,No,No,No,No,No,Month-to-month,Yes,Electronic check,69.55,69.55,Yes,1
3027-ZTDHO,Male,0,No,No,1,Yes,No,Fiber optic,No,No,No,No,Yes,Yes,Month-to-month,Yes,Electronic check,89.9,89.9,Yes,1
6513-EECDB,Male,1,Yes,No,1,Yes,Yes,Fiber optic,No,No,No,No,No,No,Month-to-month,Yes,Electronic check,73.55,73.55,Yes,1
3158-MOERK,Female,0,No,No,2,Yes,Yes,Fiber optic,No,No,No,No,Yes,Yes,Month-to-month,Yes,Electronic check,96.0,174.8,Yes,1
7294-TMAOP,Female,0,No,No,1,Yes,No,Fiber optic,No,No,No,No,Yes,Yes,Month-to-month,No,Electronic check,90.55,90.55,Yes,1
5875-YPQFJ,Male,0,No,No,1,Yes,No,Fiber optic,No,No,No,No,No,No,Month-to-month,Yes,Electronic check,69.9,69.9,Yes,1
8603-IJWDN,Male,0,No,No,1,Yes,Yes,Fiber optic,No,No,No,No,No,Yes,Month-to-month,Yes,Electronic check,86.6,86.6,Yes,1
1374-DMZUI,Female,1,No,No,4,Yes,Yes,Fiber optic,No,No,No,No,Yes,Yes,Month-to-month,Yes,Electronic check,94.3,424.45,Yes,1
9878-TNQGW,Male,0,No,No,2,Yes,No,Fiber optic,No,No,No,No,No,Yes,Month-to-month,Yes,Electronic check,80.95,171.15,Yes,1
7439-DKZTW,Male,0,No,No,1,Yes,No,Fiber optic,No,No,No,No,Yes,No,Month-to-month,Yes,Electronic check,80.55,80.55,No,1
7851-WZEKY,Female,0,No,No,2,Yes,Yes,Fiber optic,No,No,No,No,Yes,Yes,Month-to-month,Yes,Electronic check,95.15,196.9,Yes,1
4086-YQSNZ,Female,1,Yes,No,3,Yes,No,Fiber optic,No,No,No,No,Yes,No,Month-to-month,Yes,Electronic check,80.4,224.05,Yes,1
6358-LYNGM,Male,0,No,No,1,Yes,Yes,Fiber optic,No,No,No,No,No,No,Month-to-month,Yes,Electronic check,74.9,74.9,Yes,1
6077-BDPXA,Female,0,No,No,3,Yes,No,Fiber optic,No,No,No,No,No,No,Month-to-month,Yes,Electronic check,70.15,194.2,No,1
5494-HECPR,Female,0,No,No,1,Yes,No,Fiber optic,No,No,No,No,Yes,No,Month-to-month,Yes,Electronic check,80.25,80.25,Yes,1
1618-CFHME,Female,0,No,No,2,Yes,Yes,Fiber optic,No,No,No,No,No,No,Month-to-month,Yes,Electronic check,75.9,143.35,Yes,1
5835-BEQEU,Male,0,No,No,3,Yes,Yes,Fiber optic,No,No,No,No,No,No,Month-to-month,Yes,Electronic check,76.95,228.4,Yes,1
5565-FILXA,Female,1,No,No,16,Yes,Yes,Fiber optic,No,No,No,No,Yes,Yes,Month-to-month,Yes,Electronic check,96.15,1529.2,Yes,1
7206-GZCDC,Female,1,No,No,1,Yes,No,Fiber optic,No,No,No,No,No,No,Month-to-month,Yes,Electronic check,69.25,69.25,Yes,1
2568-BRGYX,Male,0,No,No,4,Yes,No,Fiber optic,No,No,No,No,No,No,Month-to-month,Yes,Electronic check,70.2,237.95,Yes,1
6567-HOOPW,Female,1,No,No,1,Yes,No,Fiber optic,No,No,No,No,Yes,No,Month-to-month,Yes,Electronic check,79.2,79.2,Yes,1
6960-HVYXR,Female,0,No,No,1,Yes,Yes,Fiber optic,No,No,No,No,No,No,Month-to-month,No,Electronic check,76.0,76,Yes,1
7024-OHCCK,Female,1,No,No,2,Yes,Yes,Fiber optic,No,No,No,No,Yes,Yes,Month-to-month,Yes,Electronic check,93.85,170.85,Yes,1
9546-CQJSU,Female,0,No,No,2,Yes,Yes,Fiber optic,No,No,Yes,No,Yes,No,Month-to-month,Yes,Electronic check,91.4,193.6,Yes,1
5240-IJOQT,Male,1,No,No,1,Yes,Yes,Fiber optic,No,No,No,No,No,No,Month-to-month,Yes,Electronic check,74.7,74.7,Yes,1
1157-BQCUW,Male,0,No,No,1,Yes,Yes,Fiber optic,No,No,No,No,No,No,Month-to-month,Yes,Electronic check,74.95,74.95,Yes,1
2660-EMUBI,Male,1,No,No,10,Yes,Yes,Fiber optic,No,No,No,No,Yes,Yes,Month-to-month,Yes,Electronic check,95.35,898.35,Yes,1
3068-OMWZA,Male,1,No,No,1,Yes,Yes,Fiber optic,No,No,Yes,No,Yes,No,Month-to-month,Yes,Electronic check,88.8,88.8,Yes,1
8580-AECUZ,Male,1,No,No,1,Yes,No,Fiber optic,No,No,No,No,Yes,No,Month-to-month,Yes,Electronic check,79.1,79.1,Yes,1
8593-WHYHV,Male,0,No,No,3,Yes,Yes,Fiber optic,No,No,No,No,No,Yes,Month-to-month,Yes,Electronic check,85.3,264.8,Yes,1
0107-YHINA,Male,0,No,Yes,1,Yes,Yes,Fiber optic,No,No,Yes,No,Yes,Yes,Month-to-month,Yes,Electronic check,99.75,99.75,Yes,1
8375-DKEBR,Female,1,No,No,1,Yes,No,Fiber optic,No,No,No,No,No,No,Month-to-month,Yes,Electronic check,69.6,69.6,Yes,1
9804-ICWBG,Male,0,No,No,1,Yes,No,Fiber optic,No,No,No,No,No,No,Month-to-month,Yes,Electronic check,69.9,69.9,Yes,1
8380-PEFPE,Male,0,No,Yes,1,Yes,No,Fiber optic,No,No,No,No,No,No,Month-to-month,Yes,Electronic check,71.65,71.65,Yes,1
6910-HADCM,Female,0,No,No,1,Yes,No,Fiber optic,No,No,Yes,No,No,No,Month-to-month,No,Electronic check,76.35,76.35,Yes,1
6702-OHFWR,Male,1,No,No,1,No,No phone service,DSL,No,Yes,Yes,No,No,Yes,Month-to-month,Yes,Electronic check,43.3,43.3,Yes,1
3494-JCHRQ,Male,0,No,No,1,Yes,No,Fiber optic,No,No,No,No,No,No,Month-to-month,Yes,Electronic check,70.05,70.05,Yes,1
6474-FVJLC,Male,0,No,No,2,Yes,Yes,Fiber optic,No,No,No,No,No,Yes,Month-to-month,Yes,Electronic check,86.0,165.45,Yes,1
3318-NMQXL,Male,0,No,No,3,Yes,No,Fiber optic,No,No,No,No,Yes,Yes,Month-to-month,Yes,Electronic check,92.0,266.8,No,1
8183-ONMXC,Female,0,No,No,2,Yes,No,Fiber optic,No,No,No,No,No,Yes,Month-to-month,No,Electronic check,80.75,159.45,Yes,1
5834-ASPWA,Male,0,No,No,1,Yes,Yes,Fiber optic,No,No,No,No,No,No,Month-to-month,Yes,Electronic check,75.45,75.45,Yes,1
9497-QCMMS,Male,1,No,No,1,Yes,Yes,Fiber optic,No,No,No,No,Yes,Yes,Month-to-month,Yes,Electronic check,93.55,93.55,Yes,1
8000-REIQB,Female,1,No,No,1,Yes,No,Fiber optic,No,No,No,No,No,No,Month-to-month,Yes,Electronic check,69.95,69.95,Yes,1
8086-OVPWV,Male,0,No,No,2,Yes,No,Fiber optic,No,No,No,No,No,Yes,Month-to-month,Yes,Electronic check,80.2,181.1,Yes,1
6356-ELRKD,Female,0,No,No,1,Yes,No,Fiber optic,Yes,No,No,No,Yes,Yes,Month-to-month,Yes,Electronic check,95.6,95.6,Yes,1
3177-LASXD,Female,0,No,No,1,Yes,No,Fiber optic,No,No,No,No,No,No,Month-to-month,No,Electronic check,71.35,71.35,Yes,1
9300-RENDD,Male,0,No,No,1,Yes,No,Fiber optic,No,No,No,No,Yes,No,Month-to-month,Yes,Electronic check,79.95,79.95,Yes,1
9787-XVQIU,Male,0,No,No,1,Yes,Yes,Fiber optic,No,No,No,No,No,No,Month-to-month,Yes,Electronic check,75.3,75.3,Yes,1
8051-HJRLT,Female,1,No,No,1,Yes,No,Fiber optic,No,No,No,No,No,No,Month-to-month,Yes,Electronic check,70.55,70.55,Yes,1
2737-YNGYW,Female,0,No,No,2,Yes,No,Fiber optic,No,No,No,No,No,Yes,Month-to-month,No,Electronic check,80.55,184.1,Yes,1
5159-YFPKQ,Female,0,No,No,2,Yes,No,Fiber optic,No,No,Yes,No,No,No,Month-to-month,Yes,Electronic check,75.8,160.75,Yes,1
4695-WJZUE,Female,1,No,No,2,Yes,Yes,Fiber optic,No,No,Yes,No,No,Yes,Month-to-month,Yes,Electronic check,88.55,179.25,Yes,1
3988-RQIXO,Female,1,No,No,1,Yes,No,Fiber optic,No,No,No,No,Yes,Yes,Month-to-month,Yes,Electronic check,91.3,91.3,Yes,1
2514-GINMM,Male,0,No,No,1,Yes,No,Fiber optic,No,No,No,No,Yes,No,Month-to-month,Yes,Electronic check,79.5,79.5,Yes,1
7216-EWTRS,Female,1,Yes,No,1,Yes,Yes,Fiber optic,No,No,Yes,No,Yes,Yes,Month-to-month,Yes,Electronic check,100.8,100.8,Yes,1
7181-BQYBV,Female,0,Yes,Yes,1,Yes,Yes,Fiber optic,Yes,No,Yes,No,Yes,Yes,Month-to-month,Yes,Electronic check,102.45,102.45,Yes,1
4529-CKBCL,Female,0,No,No,2,Yes,No,Fiber optic,No,No,No,No,Yes,No,Month-to-month,Yes,Electronic check,80.2,146.05,Yes,1
4140-MUHUG,Female,1,No,No,3,Yes,No,Fiber optic,No,No,Yes,No,Yes,No,Month-to-month,Yes,Electronic check,86.85,220.95,Yes,1
7180-PISOG,Male,0,Yes,Yes,1,Yes,Yes,Fiber optic,No,No,No,No,No,No,Month-to-month,Yes,Electronic check,74.5,74.5,Yes,1
1846-XWOQN,Female,1,No,No,1,Yes,No,Fiber optic,No,No,No,No,No,No,Month-to-month,Yes,Electronic check,70.15,70.15,Yes,1
3722-WPXTK,Male,0,No,No,1,Yes,No,Fiber optic,No,No,No,No,Yes,Yes,Month-to-month,Yes,Electronic check,88.35,88.35,Yes,1
9603-OAIHC,Male,1,No,No,1,Yes,No,Fiber optic,No,No,No,No,No,No,Month-to-month,Yes,Electronic check,70.05,70.05,No,1
1197-BVMVG,Female,1,No,No,4,Yes,Yes,Fiber optic,No,No,No,No,No,No,Month-to-month,Yes,Electronic check,74.45,294.45,No,1
2609-IAICY,Female,0,No,No,1,Yes,Yes,Fiber optic,No,No,No,No,No,No,Month-to-month,Yes,Electronic check,77.15,77.15,Yes,1
4910-GMJOT,Female,0,No,No,1,Yes,Yes,Fiber optic,No,No,No,No,Yes,Yes,Month-to-month,Yes,Electronic check,94.6,94.6,Yes,1
7576-OYWBN,Male,1,No,No,3,Yes,Yes,Fiber optic,No,No,No,No,No,No,Month-to-month,Yes,Electronic check,76.05,231.8,Yes,1
5539-TMZLF,Male,1,No,No,1,Yes,No,Fiber optic,No,No,No,No,No,No,Month-to-month,Yes,Electronic check,69.75,69.75,Yes,1
6877-TJMBR,Male,0,Yes,No,1,Yes,No,Fiber optic,No,No,No,Yes,Yes,No,Month-to-month,Yes,Electronic check,84.8,84.8,Yes,1
2725-KXXWT,Male,0,Yes,No,1,Yes,No,Fiber optic,No,No,No,No,Yes,Yes,Month-to-month,Yes,Electronic check,90.75,90.75,Yes,1
8348-HFYIV,Male,0,No,No,2,No,No phone service,DSL,No,No,Yes,No,Yes,Yes,Month-to-month,Yes,Electronic check,49.25,90.35,Yes,1
1143-NMNQJ,Female,0,No,No,2,Yes,Yes,Fiber optic,No,No,No,No,No,Yes,Month-to-month,Yes,Electronic check,85.7,169.8,Yes,1
4826-XTSOH,Male,1,Yes,No,1,Yes,Yes,Fiber optic,No,No,No,No,Yes,No,Month-to-month,Yes,Electronic check,86.05,86.05,Yes,1
4102-OQUPX,Male,1,Yes,No,1,Yes,Yes,Fiber optic,No,No,No,No,No,No,Month-to-month,Yes,Electronic check,74.4,74.4,Yes,1
2004-OCQXK,Female,0,No,No,1,Yes,No,Fiber optic,No,No,No,No,No,Yes,Month-to-month,Yes,Electronic check,81.95,81.95,Yes,1
7409-KIUTL,Female,1,No,Yes,1,Yes,No,Fiber optic,No,No,No,No,No,No,Month-to-month,Yes,Electronic check,71.0,71,Yes,1
0495-RVCBF,Female,0,No,No,1,Yes,No,Fiber optic,No,No,No,No,No,Yes,Month-to-month,Yes,Electronic check,79.7,79.7,Yes,1
0679-IDSTG,Female,1,Yes,Yes,1,Yes,No,Fiber optic,No,No,No,No,No,No,Month-to-month,Yes,Electronic check,69.25,69.25,Yes,1
5542-TBBWB,Male,0,No,No,1,Yes,No,Fiber optic,No,No,No,No,No,No,Month-to-month,Yes,Electronic check,69.9,69.9,No,1
1761-AEZZR,Male,0,No,No,1,Yes,No,Fiber optic,No,No,No,No,Yes,No,Month-to-month,Yes,Electronic check,79.55,79.55,Yes,1
7120-RFMVS,Male,0,No,No,1,Yes,Yes,Fiber optic,No,No,No,No,Yes,No,Month-to-month,No,Electronic check,84.5,84.5,Yes,1
5277-ZLOOR,Female,1,No,No,2,Yes,Yes,Fiber optic,No,No,No,No,Yes,No,Month-to-month,Yes,Electronic check,85.55,187.45,Yes,1
5150-ITWWB,Male,1,No,No,3,Yes,Yes,Fiber optic,No,No,No,No,Yes,Yes,Month-to-month,Yes,Electronic check,94.85,335.75,No,1
8149-RSOUN,Female,0,No,No,1,Yes,Yes,Fiber optic,No,No,No,No,Yes,Yes,Month-to-month,Yes,Electronic check,93.85,93.85,Yes,1
6772-KSATR,Male,0,No,No,1,Yes,Yes,Fiber optic,Yes,No,No,No,No,No,Month-to-month,Yes,Electronic check,81.7,81.7,Yes,1
2636-ALXXZ,Female,1,No,No,1,Yes,No,Fiber optic,No,No,No,No,No,No,Month-to-month,Yes,Electronic check,69.6,69.6,Yes,1
9885-CSMWE,Female,1,No,No,1,Yes,No,Fiber optic,No,No,No,No,Yes,No,Month-to-month,No,Electronic check,78.45,78.45,Yes,1
1640-PLFMP,Female,0,No,No,1,Yes,No,Fiber optic,No,No,No,No,No,No,Month-to-month,Yes,Electronic check,70.25,70.25,No,1
2545-EBUPK,Female,1,No,No,2,Yes,Yes,Fiber optic,No,No,No,No,No,Yes,Month-to-month,Yes,Electronic check,84.05,186.05,No,1
5178-LMXOP,Male,1,Yes,No,1,Yes,Yes,Fiber optic,No,No,No,No,Yes,Yes,Month-to-month,Yes,Electronic check,95.1,95.1,Yes,1
4510-HIMLV,Male,0,No,No,1,Yes,No,Fiber optic,No,No,No,No,No,No,Month-to-month,Yes,Electronic check,69.8,69.8,Yes,1
7274-RTAPZ,Male,0,No,No,1,Yes,No,Fiber optic,No,No,No,No,Yes,Yes,Month-to-month,Yes,Electronic check,90.55,90.55,Yes,1
4988-IQIGL,Male,1,No,No,1,Yes,Yes,Fiber optic,No,No,No,No,No,No,Month-to-month,Yes,Electronic check,75.35,75.35,Yes,1
9799-CAYJJ,Female,1,Yes,No,2,Yes,No,Fiber optic,No,No,No,No,No,No,Month-to-month,Yes,Electronic check,69.3,153.8,No,1
7594-RQHXR,Female,0,No,Yes,1,Yes,No,Fiber optic,No,No,No,No,No,Yes,Month-to-month,Yes,Electronic check,79.6,79.6,Yes,1
3878-AVSOQ,Female,1,No,No,1,Yes,No,Fiber optic,No,No,No,No,No,No,Month-to-month,Yes,Electronic check,71.25,71.25,No,1
0612-RTZZA,Female,1,No,No,1,No,No phone service,DSL,No,No,No,No,No,No,Month-to-month,No,Electronic check,25.25,25.25,Yes,1
8816-VXNZD,Female,0,No,No,1,Yes,Yes,Fiber optic,No,No,No,No,No,No,Month-to-month,Yes,Electronic check,75.1,75.1,Yes,1
3716-BDVDB,Male,0,No,No,1,Yes,No,Fiber optic,No,No,No,No,No,No,Month-to-month,Yes,Electronic check,69.1,69.1,Yes,1
9488-HGMJH,Female,1,No,No,1,Yes,No,Fiber optic,No,No,No,No,No,No,Month-to-month,Yes,Electronic check,71.15,71.15,Yes,1
9057-SIHCH,Female,0,No,No,3,Yes,Yes,Fiber optic,No,No,No,No,Yes,Yes,Month-to-month,Yes,Electronic check,96.6,291.9,Yes,1
2897-DOVND,Male,0,No,No,2,Yes,No,Fiber optic,No,No,No,No,No,No,Month-to-month,Yes,Electronic check,69.8,146.65,No,1
4806-HIPDW,Female,0,Yes,No,1,Yes,No,Fiber optic,No,No,No,No,No,No,Month-to-month,Yes,Electronic check,68.95,68.95,Yes,1
4424-TKOPW,Male,1,No,No,2,Yes,Yes,Fiber optic,No,No,No,No,Yes,Yes,Month-to-month,Yes,Electronic check,93.85,196.75,Yes,1
5960-WPXQM,Male,0,No,No,1,Yes,No,Fiber optic,No,No,No,No,Yes,No,Month-to-month,Yes,Electronic check,79.05,79.05,Yes,1
8644-XLFBW,Male,1,No,No,1,Yes,No,Fiber optic,No,No,No,No,No,No,Month-to-month,Yes,Electronic check,71.65,71.65,Yes,1
9306-CPCBC,Female,0,No,No,3,Yes,Yes,Fiber optic,No,No,No,No,No,No,Month-to-month,Yes,Electronic check,74.25,210.3,Yes,1
1833-VGRUM,Female,1,No,No,1,Yes,Yes,Fiber optic,No,No,No,No,No,No,Month-to-month,Yes,Electronic check,74.2,74.2,Yes,1
4090-KPJIP,Female,0,No,No,3,Yes,Yes,Fiber optic,No,No,No,No,No,No,Month-to-month,Yes,Electronic check,74.95,212.4,No,1
6372-RFVNS,Female,0,Yes,No,1,Yes,No,Fiber optic,No,No,No,No,Yes,No,Month-to-month,No,Electronic check,78.8,78.8,Yes,1
3871-IKPYH,Male,1,No,No,1,Yes,No,Fiber optic,No,No,No,No,No,No,Month-to-month,No,Electronic check,69.1,69.1,Yes,1
1304-NECVQ,Female,1,No,No,2,Yes,Yes,Fiber optic,No,No,Yes,No,No,No,Month-to-month,Yes,Electronic check,78.55,149.55,Yes,1
8945-GRKHX,Female,0,No,Yes,1,Yes,No,Fiber optic,No,No,No,No,No,Yes,Month-to-month,No,Electronic check,78.65,78.65,Yes,1
8972-HJWNV,Female,1,Yes,No,7,Yes,Yes,Fiber optic,No,No,No,No,No,Yes,Month-to-month,Yes,Electronic check,84.55,646.85,Yes,1
5276-KQWHG,Female,1,No,No,2,Yes,No,Fiber optic,No,No,No,No,No,No,Month-to-month,Yes,Electronic check,69.6,131.65,Yes,1
1915-IOFGU,Female,0,No,No,1,Yes,No,Fiber optic,No,No,No,No,No,No,Month-to-month,No,Electronic check,70.5,70.5,Yes,1
7665-TOALD,Female,0,No,No,1,Yes,No,Fiber optic,No,No,No,No,No,No,Month-to-month,Yes,Electronic check,69.6,69.6,Yes,1
2777-PHDEI,Female,0,No,No,1,Yes,No,Fiber optic,No,No,No,No,Yes,No,Month-to-month,No,Electronic check,78.05,78.05,Yes,1
5597-GLBUC,Female,0,No,No,1,Yes,No,Fiber optic,No,No,Yes,No,Yes,No,Month-to-month,Yes,Electronic check,85.45,85.45,Yes,1
5797-APWZC,Female,0,No,No,1,Yes,No,Fiber optic,No,No,No,No,Yes,Yes,Month-to-month,No,Electronic check,90.6,90.6,Yes,1
6416-TVAIH,Male,0,Yes,Yes,1,Yes,No,Fiber optic,No,No,No,No,No,No,Month-to-month,Yes,Electronic check,68.5,68.5,Yes,1
9019-QVLZD,Female,0,No,No,1,Yes,No,Fiber optic,No,No,No,No,Yes,No,Month-to-month,No,Electronic check,79.55,79.55,Yes,1
7394-LWLYN,Female,0,No,No,2,Yes,No,Fiber optic,No,No,No,No,No,No,Month-to-month,Yes,Electronic check,70.15,123.8,No,1
1455-ESIQH,Male,0,No,No,1,Yes,No,Fiber optic,No,No,No,No,Yes,Yes,Month-to-month,Yes,Electronic check,89.1,89.1,Yes,1
6996-KNSML,Female,0,No,No,1,Yes,No,Fiber optic,No,No,Yes,No,No,No,Month-to-month,Yes,Electronic check,74.9,74.9,Yes,1
0023-HGHWL,Male,1,No,No,1,No,No phone service,DSL,No,No,No,No,No,No,Month-to-month,Yes,Electronic check,25.1,25.1,Yes,1
9837-BMCLM,Male,0,No,No,3,Yes,No,Fiber optic,No,No,No,No,Yes,No,Month-to-month,Yes,Electronic check,78.5,242.05,Yes,1
6161-UUUTA,Male,1,No,No,3,Yes,No,Fiber optic,No,No,No,No,Yes,No,Month-to-month,Yes,Electronic check,79.9,260.9,Yes,1
4603-JANFB,Male,0,No,No,1,Yes,No,Fiber optic,No,No,No,No,No,No,Month-to-month,Yes,Electronic check,69.85,69.85,Yes,1
7465-ZZRVX,Male,0,No,No,1,Yes,No,Fiber optic,No,No,No,No,No,No,Month-to-month,Yes,Electronic check,70.35,70.35,No,1
4702-IOQDC,Female,0,No,No,1,Yes,No,Fiber optic,No,No,No,No,No,No,Month-to-month,Yes,Electronic check,70.1,70.1,Yes,1
3428-XZMAZ,Male,0,No,No,1,Yes,No,Fiber optic,No,No,No,No,No,No,Month-to-month,Yes,Electronic check,69.35,69.35,Yes,1
0318-QUUOB,Male,0,Yes,No,1,Yes,No,Fiber optic,No,No,No,No,Yes,No,Month-to-month,Yes,Electronic check,80.55,80.55,Yes,1
3750-CKVKH,Male,0,No,No,2,Yes,No,Fiber optic,No,No,No,No,No,No,Month-to-month,Yes,Electronic check,67.75,116.65,Yes,1
1069-XAIEM,Female,1,No,No,1,Yes,Yes,Fiber optic,No,No,No,No,No,Yes,Month-to-month,Yes,Electronic check,85.05,85.05,Yes,1
7817-BOQPW,Female,0,No,No,2,Yes,Yes,Fiber optic,No,No,No,No,No,No,Month-to-month,Yes,Electronic check,75.55,166.3,Yes,1
1853-UDXBW,Male,0,Yes,Yes,1,Yes,No,Fiber optic,No,No,No,No,No,No,Month-to-month,Yes,Electronic check,70.0,70,Yes,1
9717-QEBGU,Male,0,No,No,2,Yes,No,Fiber optic,No,No,No,No,No,No,Month-to-month,Yes,Electronic check,70.3,144,No,1
0722-TROQR,Female,1,No,No,4,Yes,Yes,Fiber optic,No,No,No,No,No,No,Month-to-month,Yes,Electronic check,74.9,321.75,Yes,1
3006-XIMLN,Female,0,No,Yes,2,Yes,Yes,Fiber optic,No,No,No,No,Yes,Yes,Month-to-month,Yes,Bank transfer (automatic),94.2,193.8,Yes,1
0637-KVDLV,Male,0,No,No,2,Yes,Yes,Fiber optic,No,No,No,No,No,No,Month-to-month,Yes,Electronic check,76.5,162.45,Yes,1
8740-CRYFY,Male,0,No,No,1,Yes,No,Fiber optic,No,No,No,No,Yes,No,Month-to-month,Yes,Electronic check,78.95,78.95,Yes,1
1678-FYZOW,Female,0,No,No,3,Yes,No,Fiber optic,No,No,No,No,Yes,No,Month-to-month,Yes,Electronic check,79.4,244.65,Yes,1
9300-AGZNL,Male,1,No,No,1,Yes,Yes,Fiber optic,No,No,No,No,Yes,Yes,Month-to-month,Yes,Electronic check,94.0,94,Yes,1
5134-IKDAY,Female,0,Yes,Yes,1,Yes,No,Fiber optic,No,No,No,No,No,No,Month-to-month,Yes,Electronic check,69.8,69.8,Yes,1
2055-PDADH,Female,1,No,No,3,Yes,No,Fiber optic,No,No,No,No,No,No,Month-to-month,Yes,Electronic check,70.4,204.7,Yes,1
3721-CNEYS,Female,0,No,No,2,Yes,No,Fiber optic,No,No,No,No,No,No,Month-to-month,Yes,Electronic check,70.95,137.95,Yes,1
3765-JXVKY,Female,0,No,No,1,Yes,No,Fiber optic,No,Yes,No,No,No,No,Month-to-month,Yes,Electronic check,74.7,74.7,Yes,1
9725-SCPZG,Male,0,No,Yes,1,Yes,No,Fiber optic,No,No,No,No,Yes,Yes,Month-to-month,Yes,Electronic check,90.85,90.85,Yes,1
6653-CBBOM,Female,0,No,No,1,Yes,No,Fiber optic,No,No,No,No,No,No,Month-to-month,Yes,Electronic check,70.3,70.3,Yes,1
4713-LZDRV,Female,1,No,No,2,Yes,No,Fiber optic,No,No,No,No,No,Yes,Month-to-month,Yes,Electronic check,79.6,195.05,Yes,1
8258-GSTJK,Male,1,No,No,3,Yes,Yes,Fiber optic,No,No,No,No,No,No,Month-to-month,Yes,Electronic check,77.0,237.75,Yes,1
9940-RHLFB,Female,0,No,No,1,Yes,No,Fiber optic,No,No,Yes,No,No,No,Month-to-month,No,Electronic check,75.3,75.3,Yes,1
4759-TRPLW,Male,0,No,No,1,Yes,No,Fiber optic,No,No,No,No,No,No,Month-to-month,No,Electronic check,70.4,70.4,Yes,1
7577-SWIFR,Male,0,No,No,1,Yes,No,Fiber optic,No,No,No,No,Yes,Yes,Month-to-month,Yes,Electronic check,89.25,89.25,No,1
8062-YBDOE,Male,1,No,No,1,Yes,No,Fiber optic,No,No,No,No,No,No,Month-to-month,Yes,Electronic check,69.65,69.65,Yes,1
3776-EKTKM,Female,1,No,No,1,No,No phone service,DSL,No,No,No,No,Yes,No,Month-to-month,Yes,Electronic check,36.45,36.45,Yes,1
1981-INRFU,Female,0,No,No,2,Yes,No,Fiber optic,No,No,No,No,Yes,No,Month-to-month,Yes,Electronic check,79.75,164.5,Yes,1
3049-SOLAY,Female,0,Yes,No,3,Yes,Yes,Fiber optic,No,No,No,No,Yes,Yes,Month-to-month,Yes,Electronic check,95.2,292.85,Yes,1
8058-INTPH,Female,0,No,No,1,Yes,No,Fiber optic,No,No,No,No,Yes,No,Month-to-month,Yes,Electronic check,79.65,79.65,Yes,1
4273-MBHYA,Female,0,No,Yes,1,Yes,No,Fiber optic,No,No,No,No,Yes,Yes,Month-to-month,Yes,Electronic check,89.35,89.35,No,1
6168-WFVVF,Female,1,No,No,3,Yes,No,Fiber optic,No,No,No,No,No,No,Month-to-month,Yes,Electronic check,70.3,235.5,Yes,1
9689-PTNPG,Male,0,No,No,2,Yes,No,Fiber optic,No,No,No,No,Yes,No,Month-to-month,Yes,Electronic check,80.25,144.55,Yes,1
5376-DEQCP,Female,0,No,No,1,Yes,No,Fiber optic,No,No,No,No,No,No,Month-to-month,Yes,Electronic check,70.6,70.6,Yes,1
2506-TNFCO,Female,1,Yes,No,1,Yes,No,Fiber optic,No,No,No,No,No,No,Month-to-month,Yes,Electronic check,69.55,69.55,Yes,1
4912-PIGUY,Female,0,No,No,1,Yes,Yes,Fiber optic,No,No,No,No,Yes,No,Month-to-month,Yes,Electronic check,84.6,84.6,No,1
8473-VUVJN,Male,1,No,No,1,Yes,Yes,Fiber optic,No,No,No,No,No,No,Month-to-month,Yes,Electronic check,73.65,73.65,Yes,1
4614-NUVZD,Female,0,No,No,1,Yes,No,Fiber optic,No,No,No,No,No,Yes,Month-to-month,Yes,Electronic check,81.1,81.1,Yes,1
9611-CTWIH,Female,0,No,No,3,Yes,No,Fiber optic,No,No,No,No,Yes,Yes,Month-to-month,Yes,Electronic check,89.45,240.45,Yes,1
5550-VFRLC,Female,1,No,No,1,Yes,No,Fiber optic,No,No,No,No,No,No,Month-to-month,Yes,Electronic check,69.85,69.85,Yes,1
1320-HTRDR,Female,0,No,No,3,Yes,Yes,Fiber optic,No,No,No,No,No,No,Month-to-month,Yes,Electronic check,75.5,220.6,Yes,1
5393-RXQSZ,Male,0,No,No,1,Yes,No,Fiber optic,No,No,No,No,No,Yes,Month-to-month,No,Electronic check,79.6,79.6,Yes,1
3244-DCJWY,Female,0,No,No,1,Yes,No,Fiber optic,No,No,No,No,No,No,Month-to-month,Yes,Electronic check,70.25,70.25,Yes,1
5196-SGOAK,Female,0,No,No,1,Yes,No,Fiber optic,No,Yes,No,No,No,No,Month-to-month,Yes,Electronic check,75.7,75.7,Yes,1
9985-MWVIX,Female,0,No,No,1,Yes,No,Fiber optic,No,No,No,No,No,No,Month-to-month,Yes,Mailed check,70.15,70.15,Yes,1
4871-JTKJF,Female,1,No,No,1,Yes,No,Fiber optic,No,No,No,No,No,No,Month-to-month,Yes,Electronic check,69.65,69.65,Yes,1
1415-YFWLT,Female,1,No,No,1,Yes,No,Fiber optic,No,No,No,No,Yes,Yes,Month-to-month,Yes,Electronic check,89.3,89.3,Yes,1
3422-LYEPQ,Male,0,Yes,Yes,1,Yes,No,Fiber optic,No,No,No,No,No,No,Month-to-month,Yes,Electronic check,71.0,71,Yes,1
1363-TXLSL,Male,1,Yes,No,1,Yes,No,Fiber optic,No,No,No,No,No,No,Month-to-month,Yes,Electronic check,70.3,70.3,Yes,1
4581-SSPWD,Female,0,No,No,3,Yes,Yes,Fiber optic,No,No,No,No,No,No,Month-to-month,Yes,Electronic check,75.8,246.3,Yes,1
4550-EVXNY,Female,0,No,Yes,1,Yes,No,Fiber optic,No,No,No,No,No,No,Month-to-month,Yes,Electronic check,69.65,69.65,Yes,1
4844-JJWUY,Female,1,No,No,1,Yes,No,Fiber optic,No,Yes,No,No,No,Yes,Month-to-month,Yes,Electronic check,86.0,86,Yes,1
2202-CUYXZ,Male,0,No,No,1,Yes,No,Fiber optic,No,No,Yes,No,Yes,No,Month-to-month,Yes,Electronic check,84.85,84.85,Yes,1
5567-WSELE,Male,1,Yes,No,3,Yes,Yes,Fiber optic,No,No,No,No,Yes,Yes,Month-to-month,Yes,Electronic check,94.6,279.55,Yes,1
5349-IECLD,Male,0,No,No,2,Yes,No,Fiber optic,No,No,Yes,No,Yes,Yes,Month-to-month,No,Electronic check,94.95,178.1,Yes,1
9605-WGJVW,Female,1,No,No,1,Yes,No,Fiber optic,No,No,No,No,No,No,Month-to-month,Yes,Electronic check,70.2,70.2,No,1
2868-MZAGQ,Male,0,No,No,1,Yes,No,Fiber optic,No,No,No,No,No,Yes,Month-to-month,Yes,Electronic check,79.25,79.25,Yes,1
2867-UIMSS,Male,0,No,No,1,Yes,No,Fiber optic,No,No,No,No,No,Yes,Month-to-month,No,Electronic check,80.5,80.5,Yes,1
7153-OANIO,Male,0,No,No,1,Yes,No,Fiber optic,No,No,No,No,No,No,Month-to-month,No,Electronic check,69.95,69.95,Yes,1
6521-YYTYI,Male,0,No,Yes,1,Yes,Yes,Fiber optic,No,No,No,No,Yes,Yes,Month-to-month,Yes,Electronic check,93.3,93.3,Yes,1
0328-GRPMV,Female,0,No,No,1,Yes,No,Fiber optic,No,No,No,No,No,No,Month-to-month,Yes,Electronic check,70.1,70.1,Yes,1
4342-HENTK,Female,1,No,No,2,Yes,No,Fiber optic,No,No,No,No,No,No,Month-to-month,Yes,Electronic check,70.65,142.35,Yes,1
0754-UKWQP,Male,0,No,No,2,Yes,No,Fiber optic,No,No,Yes,No,Yes,Yes,Month-to-month,Yes,Electronic check,95.85,197.7,Yes,1
2720-WGKHP,Male,1,No,No,2,Yes,Yes,Fiber optic,No,No,No,No,Yes,Yes,Month-to-month,Yes,Electronic check,94.0,181.7,Yes,1
3551-HUAZH,Male,1,No,No,1,Yes,Yes,Fiber optic,No,No,No,No,No,No,Month-to-month,Yes,Electronic check,74.4,74.4,Yes,1
9223-UCPVT,Female,0,No,No,1,Yes,No,Fiber optic,No,No,Yes,No,Yes,Yes,Month-to-month,No,Electronic check,94.4,94.4,Yes,1
5419-JPRRN,Male,0,No,No,1,Yes,Yes,Fiber optic,No,No,Yes,No,Yes,Yes,Month-to-month,Yes,Electronic check,101.45,101.45,Yes,1
0488-GSLFR,Female,0,No,No,1,Yes,No,Fiber optic,No,No,No,No,No,No,Month-to-month,Yes,Electronic check,69.5,69.5,Yes,1
9728-FTTVZ,Female,0,No,No,1,Yes,No,Fiber optic,No,No,No,No,No,No,Month-to-month,Yes,Electronic check,69.2,69.2,Yes,1
7254-IQWOZ,Male,0,No,No,1,Yes,No,Fiber optic,No,No,No,No,No,No,Month-to-month,Yes,Electronic check,69.65,69.65,Yes,1
0742-NXBGR,Female,0,No,No,1,Yes,No,Fiber optic,No,Yes,Yes,No,No,No,Month-to-month,Yes,Electronic check,82.3,82.3,Yes,1
0220-EBGCE,Male,0,No,No,2,Yes,No,Fiber optic,No,No,Yes,No,No,Yes,Month-to-month,Yes,Electronic check,85.85,167.3,Yes,1
2856-HYAPG,Female,0,No,No,1,Yes,No,Fiber optic,No,No,No,No,No,No,Month-to-month,No,Electronic check,68.65,68.65,Yes,1
1031-IIDEO,Female,0,No,No,1,Yes,No,Fiber optic,No,No,No,No,No,No,Month-to-month,Yes,Electronic check,70.85,70.85,Yes,1
6457-USBER,Male,0,No,No,1,Yes,No,Fiber optic,No,No,No,No,No,Yes,Month-to-month,Yes,Electronic check,80.8,80.8,Yes,1
9248-OJYKK,Male,1,No,No,1,Yes,Yes,Fiber optic,No,No,No,No,No,No,Month-to-month,Yes,Electronic check,76.45,76.45,Yes,1
4415-IJZTP,Female,0,No,No,1,Yes,Yes,Fiber optic,No,No,No,No,No,No,Month-to-month,Yes,Electronic check,74.5,74.5,Yes,1
1447-GIQMR,Male,0,Yes,No,1,Yes,No,Fiber optic,No,No,No,No,No,No,Month-to-month,Yes,Electronic check,69.15,69.15,Yes,1
5561-NWEVX,Female,1,Yes,No,2,Yes,Yes,Fiber optic,No,No,Yes,No,No,No,Month-to-month,No,Electronic check,79.2,172.85,Yes,1
2737-WFVYW,Female,0,No,No,2,No,No phone service,DSL,No,No,No,No,Yes,Yes,Month-to-month,Yes,Electronic check,45.25,85.5,Yes,1
0685-MLYYM,Female,1,No,No,2,Yes,No,Fiber optic,No,No,No,No,No,No,Month-to-month,No,Electronic check,70.75,154.85,Yes,1
6230-BSUXY,Female,1,No,No,1,Yes,No,Fiber optic,No,No,Yes,No,No,Yes,Month-to-month,Yes,Electronic check,85.0,85,Yes,1
7660-HDPJV,Female,0,No,No,1,Yes,No,Fiber optic,No,No,No,No,No,No,Month-to-month,Yes,Electronic check,69.2,69.2,Yes,1
8992-JQYUN,Male,0,Yes,No,1,No,No phone service,DSL,No,No,Yes,No,Yes,Yes,Month-to-month,Yes,Electronic check,50.35,50.35,Yes,1
2446-PLQVO,Male,0,No,No,1,Yes,No,Fiber optic,No,No,No,No,No,No,Month-to-month,Yes,Electronic check,70.3,70.3,Yes,1
0295-PPHDO,Male,0,No,No,1,Yes,Yes,Fiber optic,No,No,No,No,Yes,Yes,Month-to-month,Yes,Electronic check,95.45,95.45,Yes,1
6457-GIRWB,Male,0,No,No,1,Yes,No,Fiber optic,No,No,No,No,No,No,Month-to-month,Yes,Electronic check,69.35,69.35,Yes,1
6502-MJQAE,Male,0,No,No,1,Yes,No,Fiber optic,No,No,No,No,No,No,Month-to-month,Yes,Electronic check,69.6,69.6,Yes,1
0723-DRCLG,Female,1,Yes,No,1,Yes,Yes,Fiber optic,No,No,No,No,No,No,Month-to-month,Yes,Electronic check,74.45,74.45,Yes,1
6894-LFHLY,Male,1,No,No,1,Yes,Yes,Fiber optic,No,No,No,No,No,No,Month-to-month,Yes,Electronic check,75.75,75.75,Yes,1
